﻿<graphs>

  <graph name="Velocity vs Innovation Velocity E">
    <expression>NKF1.VE NKF3.IVE:2</expression>
    <description>
    </description>
  </graph>

  <graph name="Velocity vs Innovation Velocity N">
    <expression>NKF1.VN NKF3.IVN:2</expression>
    <description>
    </description>
  </graph>

  <graph name="Velocity vs Innovation Velocity D">
    <expression>NKF1.VD NKF3.IVD:2</expression>
    <description>
    </description>
  </graph>

  <graph name="attitude deltas ATT">
    <expression>ATT.DesRoll-ATT.Roll ATT.DesPitch-ATT.Pitch ATT.DesYaw-ATT.Yaw:2</expression>
    <description>
    </description>
  </graph>

  <graph name="attitude deltas CTUN">
    <expression>CTUN.NavRoll-CTUN.Roll CTUN.NavPitch-CTUN.Pitch</expression>
    <description>
    </description>
  </graph>

  <graph name="velocity deltas">
    <expression>NTUN.DVelX-NTUN.VelX NTUN.DVelY-NTUN.VelY</expression>
    <description>
    </description>
  </graph>

  <graph name="position deltas">
    <expression>NTUN.DPosX-NTUN.PosX NTUN.DPosY-NTUN.PosY</expression>
    <description>
    </description>
  </graph>

  <graph name="Velocity accel vs gps x">
    <expression>earth_accel_df(IMU2,ATT).x earth_accel_df(IMU,ATT).x delta(gps_velocity_df(GPS).x,'x',GPS.TimeUS) delta(gps_velocity_df(GPS2).x,'x',GPS2.TimeUS)</expression>
    <description>
Velocity comparison x
    </description>
  </graph>
  <graph name="Velocity accel vs gps y">
    <expression>earth_accel_df(IMU2,ATT).y earth_accel_df(IMU,ATT).y delta(gps_velocity_df(GPS).y,'y',GPS.TimeUS) delta(gps_velocity_df(GPS2).y,'y',GPS2.TimeUS)</expression>
    <description>
      Velocity comparison y
    </description>
  </graph>
  <graph name="Velocity accel vs gps z">
    <expression>earth_accel_df(IMU2,ATT).z earth_accel_df(IMU,ATT).z delta(gps_velocity_df(GPS).z,'z',GPS.TimeUS)-9.8 delta(gps_velocity_df(GPS2).z,'z',GPS2.TimeUS)-9.8</expression>
    <description>
      Velocity comparison z
    </description>
  </graph>

  <graph name="TECS deltas">
    <expression>TECS.h-TECS.hdem TECS.h-TECS.hdem TECS.sp-TECS.spdem</expression>
    <description>
    </description>
  </graph>

  <graph name="TECS Alt delta">
    <expression>TECS.h-TECS.hdem</expression>
    <description>
    </description>
  </graph>

  <graph name="TECS Climbrate delta">
    <expression>TECS.dh-TECS.dhdem:2</expression>
    <description>
    </description>
  </graph>

  <graph name="TECS Speed delta">
    <expression>TECS.sp-TECS.spdem</expression>
    <description>
    </description>
  </graph>

  <graph name='Position Innovations'>
    <description>Position Innovations</description>
    <expression>sqrt(NKF3.IPN**2+NKF3.IPE**2) sqrt(NKF8.IPN**2+NKF8.IPE**2)</expression>
  </graph>

  <graph name="Speed/Ground vs Air Speed">
    <expression>VFR_HUD.groundspeed VFR_HUD.airspeed</expression>
    <expression>GPS.Spd ARSP.Airspeed</expression>
    <description>
      This shows the ground speed of the vehicle versus its air speed
    </description>
  </graph>

  <graph name="Speed/Ground Speed">
    <expression>VFR_HUD.groundspeed</expression>
    <expression>GPS.Spd</expression>
    <description>
      This shows the ground speed of the vehicle
    </description>
  </graph>

  <graph name='Attitude/Roll and Pitch'>
    <description>Roll and Pitch</description>
    <expression>degrees(ATTITUDE.roll) degrees(ATTITUDE.pitch)</expression>
    <expression>ATT.Roll ATT.Pitch</expression>
  </graph>

  <graph name='Attitude/RP Comparison'>
    <description>Roll and pitch comparison between primary and secondary attitude estimator</description>
    <expression>degrees(ATTITUDE.roll) degrees(ATTITUDE.pitch) degrees(AHRS2.roll) degrees(AHRS2.pitch)</expression>
    <expression>ATT.Roll ATT.Pitch AHR2.Roll AHR2.Pitch</expression>
  </graph>

  <graph name='Attitude/Attitude Control'>
    <description>Desired versus achieved roll and pitch. This shows you how well the attitude controller are for your aircraft. In a well tuned aircraft the desired and achieved roll and pitch should match to within a couple of degrees for any portion of the flight where stabilisation is enabled.</description>
    <expression>NAV_CONTROLLER_OUTPUT.nav_roll NAV_CONTROLLER_OUTPUT.nav_pitch degrees(ATTITUDE.roll) degrees(ATTITUDE.pitch)</expression>
    <expression>ATT.DesRoll ATT.Roll ATT.DesPitch ATT.Pitch</expression>
    <expression>CTUN.NavRoll CTUN.Roll CTUN.NavPitch CTUN.Pitch</expression>
  </graph>

  <graph name='Sensors/Accelerometer/Accelerometers'>
    <description>Accelerometer Output</description>
    <expression>RAW_IMU.xacc*9.81*0.001 RAW_IMU.yacc*9.81*0.001 RAW_IMU.zacc*9.81*0.001 gravity(RAW_IMU)</expression>
    <expression>IMU.AccX IMU.AccY IMU.AccZ sqrt(IMU.AccX**2+IMU.AccY**2+IMU.AccZ**2)</expression>
  </graph>

  <graph name='Sensors/Accelerometer/Accelerometer(2)'>
    <description>Accelerometer Two Output</description>
    <expression>SCALED_IMU2.xacc*9.81*0.001 SCALED_IMU2.yacc*9.81*0.001 SCALED_IMU2.zacc*9.81*0.001</expression>
    <expression>IMU2.AccX IMU2.AccY IMU2.AccZ sqrt(IMU2.AccX**2+IMU2.AccY**2+IMU2.AccZ**2)</expression>
  </graph>

  <graph name='Sensors/Accelerometer/Accelerometer(3)'>
    <description>Accelerometer Three Output</description>
    <expression>SCALED_IMU3.xacc*9.81*0.001 SCALED_IMU3.yacc*9.81*0.001 SCALED_IMU3.zacc*9.81*0.001</expression>
    <expression>IMU3.AccX IMU3.AccY IMU3.AccZ sqrt(IMU3.AccX**2+IMU3.AccY**2+IMU3.AccZ**2)</expression>
  </graph>

  <graph name='Sensors/Accelerometer/Accelerometer Comparison'>
    <description>Accelerometer Comparison</description>
    <expression>
      RAW_IMU.xacc*9.81*0.001 RAW_IMU.yacc*9.81*0.001 RAW_IMU.zacc*9.81*0.001
      SCALED_IMU2.xacc*9.81*0.001 SCALED_IMU2.yacc*9.81*0.001 SCALED_IMU2.zacc*9.81*0.001
      SCALED_IMU3.xacc*9.81*0.001 SCALED_IMU3.yacc*9.81*0.001 SCALED_IMU3.zacc*9.81*0.001
    </expression>
    <expression>
      RAW_IMU.xacc*9.81*0.001 RAW_IMU.yacc*9.81*0.001 RAW_IMU.zacc*9.81*0.001
      SCALED_IMU2.xacc*9.81*0.001 SCALED_IMU2.yacc*9.81*0.001 SCALED_IMU2.zacc*9.81*0.001
    </expression>
    <expression>IMU.AccX IMU.AccY IMU.AccZ IMU2.AccX IMU2.AccY IMU2.AccZ IMU3.AccX IMU3.AccY IMU3.AccZ</expression>
    <expression>IMU.AccX IMU.AccY IMU.AccZ IMU2.AccX IMU2.AccY IMU2.AccZ</expression>
  </graph>

  <graph name='Sensors/Gyroscope/Gyros'>
    <description>Gyroscope Output</description>
    <expression>degrees(RAW_IMU.xgyro*0.001) degrees(RAW_IMU.ygyro*0.001) degrees(RAW_IMU.zgyro*0.001)</expression>
    <expression>IMU.GyrX IMU.GyrY IMU.GyrZ</expression>
  </graph>

  <graph name='Sensors/Gyroscope/Gyros(2)'>
    <description>Gyroscope Two Output</description>
    <expression>degrees(SCALED_IMU2.xgyro*0.001) degrees(SCALED_IMU2.ygyro*0.001) degrees(SCALED_IMU2.zgyro*0.001)</expression>
    <expression>IMU2.GyrX IMU2.GyrY IMU2.GyrZ</expression>
  </graph>

  <graph name='Sensors/Gyroscope/Gyros(3)'>
    <description>Gyroscope Three Output</description>
    <expression>degrees(SCALED_IMU3.xgyro*0.001) degrees(SCALED_IMU3.ygyro*0.001) degrees(SCALED_IMU3.zgyro*0.001)</expression>
    <expression>IMU3.GyrX IMU3.GyrY IMU3.GyrZ</expression>
  </graph>

  <graph name='Sensors/Gyroscope/Gyro Comparison'>
    <description>Gyroscope Comparison</description>
    <expression>
      degrees(RAW_IMU.xgyro*0.001) degrees(RAW_IMU.ygyro*0.001) degrees(RAW_IMU.zgyro*0.001)
      degrees(SCALED_IMU2.xgyro*0.001) degrees(SCALED_IMU2.ygyro*0.001) degrees(SCALED_IMU2.zgyro*0.001)
      degrees(SCALED_IMU3.xgyro*0.001) degrees(SCALED_IMU3.ygyro*0.001) degrees(SCALED_IMU3.zgyro*0.001)
    </expression>
    <expression>
      degrees(RAW_IMU.xgyro*0.001) degrees(RAW_IMU.ygyro*0.001) degrees(RAW_IMU.zgyro*0.001)
      degrees(SCALED_IMU2.xgyro*0.001) degrees(SCALED_IMU2.ygyro*0.001) degrees(SCALED_IMU2.zgyro*0.001)
    </expression>
    <expression>
      IMU.GyrX IMU.GyrY IMU.GyrZ
      IMU2.GyrX IMU2.GyrY IMU2.GyrZ
      IMU3.GyrX IMU3.GyrY IMU3.GyrZ
    </expression>
    <expression>
      IMU.GyrX IMU.GyrY IMU.GyrZ
      IMU2.GyrX IMU2.GyrY IMU2.GyrZ
    </expression>
  </graph>

  <graph name='Sensors/Barometer/Barometer'>
    <description>Barometer</description>
    <expression>altitude(SCALED_PRESSURE) SCALED_PRESSURE.temperature*0.01:2</expression>
    <expression>BARO.Alt BARO.Temp:2</expression>
  </graph>

  <graph name='Sensors/Barometer/Barometer(2)'>
    <description>Barometric Altitude</description>
    <expression>altitude(SCALED_PRESSURE2) SCALED_PRESSURE2.temperature*0.01:2</expression>
    <expression>BAR2.Alt BAR2.Temp:2</expression>
  </graph>

  <graph name='Sensors/Barometer/Barometer(3)'>
    <description>Barometric Altitude</description>
    <expression>altitude(SCALED_PRESSURE3) SCALED_PRESSURE3.temperature*0.01:2</expression>
    <expression>BAR3.Alt BAR3.Temp:2</expression>
  </graph>

  <graph name='Sensors/Barometer/Barometer Comparison'>
    <description>Barometer Comparison</description>
    <expression>
      altitude(SCALED_PRESSURE) SCALED_PRESSURE.temperature*0.01:2
      altitude(SCALED_PRESSURE2) SCALED_PRESSURE2.temperature*0.01:2
      altitude(SCALED_PRESSURE3) SCALED_PRESSURE3.temperature*0.01:2
    </expression>
    <expression>
      altitude(SCALED_PRESSURE) SCALED_PRESSURE.temperature*0.01:2
      altitude(SCALED_PRESSURE2) SCALED_PRESSURE2.temperature*0.01:2
    </expression>
    <expression>
      BARO.Alt BARO.Temp:2
      BAR2.Alt BAR2.Temp:2
      BAR3.Alt BAR3.Temp:2
    </expression>
    <expression>
      BARO.Alt BARO.Temp:2
      BAR2.Alt BAR2.Temp:2
    </expression>
  </graph>

  <graph name='Sensors/Barometer/Barometric Pressure'>
    <description>Barometric Pressure</description>
    <expression>SCALED_PRESSURE.press_abs</expression>
    <expression>BARO.Press</expression>
  </graph>

  <graph name='Sensors/Compass/Compass vs Throttle'>
    <description>Compass vs Throttle</description>
    <expression>RAW_IMU.xmag RAW_IMU.ymag RAW_IMU.zmag mag_field(RAW_IMU)</expression>
    <expression>CTUN.ThO:2 sqrt(MAG.MagX**2+MAG.MagY**2+MAG.MagZ**2) sqrt(MAG2.MagX**2+MAG2.MagY**2+MAG2.MagZ**2) sqrt(MAG3.MagX**2+MAG3.MagY**2+MAG3.MagZ**2)</expression>
  </graph>
  
  <graph name='Sensors/Compass/Compass'>
    <description>Primary Compass</description>
    <expression>RAW_IMU.xmag RAW_IMU.ymag RAW_IMU.zmag mag_field(RAW_IMU)</expression>
    <expression>MAG.MagX MAG.MagY MAG.MagZ sqrt(MAG.MagX**2+MAG.MagY**2+MAG.MagZ**2)</expression>
  </graph>

  <graph name='Sensors/Compass/Compass(2)'>
    <description>Second Compass</description>
    <expression>SCALED_IMU2.xmag SCALED_IMU2.ymag SCALED_IMU2.zmag mag_field(SCALED_IMU2)</expression>
    <expression>MAG2.MagX MAG2.MagY MAG2.MagZ sqrt(MAG2.MagX**2+MAG2.MagY**2+MAG2.MagZ**2)</expression>
  </graph>

  <graph name='Sensors/Compass/Compass(3)'>
    <description>Third Compass</description>
    <expression>SCALED_IMU3.xmag SCALED_IMU3.ymag SCALED_IMU3.zmag mag_field(SCALED_IMU2)</expression>
    <expression>MAG3.MagX MAG3.MagY MAG3.MagZ sqrt(MAG3.MagX**2+MAG3.MagY**2+MAG3.MagZ**2)</expression>
  </graph>

  <graph name='Sensors/Compass/Compass vs Yaw'>
    <description>Primary Compass vs Yaw</description>
    <expression>mag_heading(RAW_IMU,ATTITUDE) degrees(ATTITUDE.yaw)</expression>
    <expression>mag_heading_df(MAG,ATT) ATT.Yaw</expression>
  </graph>

  <graph name='Sensors/Compass/Compass vs Yaw all'>
    <description>Primary Compass vs Yaw</description>
    <expression>mag_heading(RAW_IMU,ATTITUDE) degrees(ATTITUDE.yaw)</expression>
    <expression>mag_heading_df(MAG,ATT) mag_heading_df(MAG2,ATT) mag_heading_df(MAG3,ATT) ATT.Yaw</expression>
  </graph>

  <graph name='Servos/Servos 1-4'>
    <description>First 4 servo outputs</description>
    <expression>
      SERVO_OUTPUT_RAW.servo1_raw SERVO_OUTPUT_RAW.servo2_raw SERVO_OUTPUT_RAW.servo3_raw SERVO_OUTPUT_RAW.servo4_raw
    </expression>
    <expression>
      RCOU.C1 RCOU.C2 RCOU.C3 RCOU.C4
    </expression>
  </graph>

  <graph name='Servos/Servos 1-8'>
    <description>First 8 servo outputs</description>
    <expression>
      SERVO_OUTPUT_RAW.servo1_raw SERVO_OUTPUT_RAW.servo2_raw SERVO_OUTPUT_RAW.servo3_raw SERVO_OUTPUT_RAW.servo4_raw
      SERVO_OUTPUT_RAW.servo5_raw SERVO_OUTPUT_RAW.servo6_raw SERVO_OUTPUT_RAW.servo7_raw SERVO_OUTPUT_RAW.servo8_raw
    </expression>
    <expression>
      RCOU.C1 RCOU.C2 RCOU.C3 RCOU.C4
      RCOU.C5 RCOU.C6 RCOU.C7 RCOU.C8
    </expression>
  </graph>

  <graph name='RC/RC Input 1-4'>
    <description>First 4 RC inputs</description>
    <expression>
      RC_CHANNELS_RAW.chan1_raw RC_CHANNELS_RAW.chan2_raw RC_CHANNELS_RAW.chan3_raw RC_CHANNELS_RAW.chan4_raw
    </expression>
    <expression>
      RCIN.C1 RCIN.C2 RCIN.C3 RCIN.C4
    </expression>
  </graph>

  <graph name='RC/RC Input 1-8'>
    <description>First 8 RC inputs</description>
    <expression>
      RC_CHANNELS_RAW.chan1_raw RC_CHANNELS_RAW.chan2_raw RC_CHANNELS_RAW.chan3_raw RC_CHANNELS_RAW.chan4_raw
      RC_CHANNELS_RAW.chan5_raw RC_CHANNELS_RAW.chan6_raw RC_CHANNELS_RAW.chan7_raw RC_CHANNELS_RAW.chan8_raw
    </expression>
    <expression>
      RCIN.C1 RCIN.C2 RCIN.C3 RCIN.C4
      RCIN.C5 RCIN.C6 RCIN.C7 RCIN.C8
    </expression>
  </graph>

  <graph name='Sensors/Lidar/Rangefinder vs Baro'>
    <description>Rangefinders vs Barometric Altitude</description>
    <expression>BARO.Alt RFND.Dist1 RFND.Dist2 CTUN.Salt</expression>
  </graph>

  <graph name='Plane/PID Tuning/Pitch Controller'>
    <description>
      This shows how well the pitch controller is tracking the desired pitch rate.
      For a well tuned aircraft PIDP.Des should match the smoothed IMU.GyrY value.
      If PIDP.I has a constant positive value then it means the aircraft is a bit tail heavy, and the integrator is learning the elevator offset needed to keep the aircraft level. If PIDP.I has a constant negative value then the aircraft is a bit nose heavy.
      You should also check PIDP.D and look for signs of oscillation, in which case PTCH2SRV_D is too high.
    </description>
    <expression>PIDP.Des PIDP.P PIDP.I PIDP.D lowpass(degrees(IMU.GyrY),"gy",0.9)</expression>
  </graph>

  <graph name='Plane/PID Tuning/Roll Controller'>
    <description>
      This shows how well the roll controller is tracking the desired roll rate.
      For a well tuned aircraft PIDR.Des should match the smoothed IMU.GyrX value.
      If PIDR.I has a constant positive value then it means the aircraft is trimmed to roll to the left side, and the integrator is learning the aileron offset needed to keep the aircraft level. If PIDR.I has a constant negative value then the aircraft is trimmed a bit to the right.
    </description>
    <expression>PIDR.Des PIDR.P PIDR.I PIDR.D lowpass(degrees(IMU.GyrX),"gx",0.9)</expression>
  </graph>

    <graph name='EKF/Normalised GPS Innovations'>
      <description>Normalised GPS Innovations</description>
      <expression>NKF4.SV NKF4.SP NKF9.SV NKF9.SP</expression>
      <expression>EKF4.SV EKF4.SP NKF4.SV NKF4.SP</expression>
      <expression>EKF4.SV EKF4.SP</expression>
    </graph>

    <graph name='EKF/Normalised GPS Innovations - EKF1'>
      <description>Normalised GPS Innovations - EKF1</description>
      <expression>EKF4.SV EKF4.SP</expression>
    </graph>

    <graph name='EKF/Normalised GPS Innovations - EKF2'>
      <expression>NKF4.SV NKF4.SP NKF9.SV NKF9.SP</expression>
      <description>Normalised GPS Innovations - EKF2</description>
      <expression>NKF4.SV NKF4.SP</expression>
    </graph>

    <graph name='EKF/Normalised Innovations - EKF1'>
      <description>Normalised Innovations - EKF1</description>
      <expression>EKF4.SV EKF4.SP EKF4.SH sqrt(EKF4.SMX*EKF4.SMX+EKF4.SMY*EKF4.SMY+EKF4.SMZ*EKF4.SMZ) EKF4.SVT</expression>
    </graph>

    <graph name='EKF/Normalised Innovations - EKF2'>
      <description>Normalised Innovations - EKF2</description>
      <expression>NKF4.SV NKF4.SP NKF4.SH NKF4.SM NKF4.SVT NKF9.SV NKF9.SP NKF9.SH NKF9.SM NKF9.SVT</expression>
      <expression>NKF4.SV NKF4.SP NKF4.SH NKF4.SM NKF4.SVT</expression>
    </graph>

    <graph name='EKF/Normalised Altimeter Innovations'>
      <description>Normalised Altimeter Innovations</description>
      <expression>NKF4.SH NKF9.SH</expression>
      <expression>EKF4.SH NKF4.SH</expression>
      <expression>EKF4.SH</expression>
    </graph>

    <graph name='EKF/Normalised Airspeed Innovations'>
      <description>Normalised Airspeed Innovations</description>
      <expression>EKF4.SVT NKF4.SVT</expression>
      <expression>EKF4.SVT</expression>
      <expression>NKF4.SVT NKF9.SVT</expression>
    </graph>

    <graph name='EKF/Normalised Magnetometer Innovations'>
      <expression>NKF4.SMX NKF4.SMY EKF9.SMZ NKF9.SM</expression>
      <description>Normalised Magnetometer Innovations</description>
      <expression>EKF4.SMX EKF4.SMY EKF4.SMZ NKF4.SM</expression>
      <expression>EKF4.SMX EKF4.SMY EKF4.SMZ</expression>
    </graph>

    <graph name='EKF/Normalised Magnetometer Innovations - EKF1'>
      <description>Normalised Magnetometer Innovations - EKF1</description>
      <expression>EKF4.SMX EKF4.SMY EKF4.SMZ</expression>
    </graph>

    <graph name='EKF/Normalised Magnetometer Innovations - EKF2'>
      <description>Normalised Magnetometer Innovations - EKF2</description>
      <expression>NKF4.SM NKF9.SM</expression>
      <expression>NKF4.SM</expression>
    </graph>

    <graph name='EKF/Angular Alignment - EKF2'>
      <description>Angular Alignment - EKF2</description>
      <expression>NKF4.errRP NKF3.IYAW:2</expression>
      <expression>NKF4.errRP NKF3.IYAW:2 NKF9.errRP NKF8.IYAW:2</expression>
    </graph>

    <graph name='EKF/Airspeed Innovation'>
      <expression>NKF3.IVT NKF8.IVT </expression>
      <description>Airspeed Innovation</description>
      <expression>EKF3.IVT NKF3.IVT </expression>
      <expression>EKF3.IVT</expression>
    </graph>

    <graph name='EKF/Velocity NE'>
      <description>Velocity NE</description>
      <expression>NKF1.VN NKF1.VE NKF6.VN NKF6.VE</expression>
      <expression>EKF1.VN EKF1.VE NKF1.VN NKF1.VE</expression>
      <expression>EKF1.VN EKF1.V</expression>
    </graph>

    <graph name='EKF/Position NE'>
      <description>Velocity NE</description>
      <expression>NKF1.PN NKF1.PE NKF6.PN NKF6.PE</expression>
      <expression>EKF1.PN EKF1.PE NKF1.PN NKF1.PE</expression>
      <expression>EKF1.PN EKF1.PE</expression>
    </graph>

    <graph name='EKF/Vertical Pos Vel'>
      <description>Vertical Pos Vel</description>
      <expression>CTUN.BarAlt NKF1.PD*-1 NKF1.VD*-1:2 NKF6.PD*-1 NKF6.VD*-1:2</expression>
      <expression>CTUN.BarAlt EKF1.PD*-1 EKF1.VD*-1:2 NKF1.PD*-1 NKF1.VD*-1:2</expression>
      <expression>CTUN.BarAlt EKF1.PD*-1 EKF1.VD*-1:2</expression>
    </graph>

    <graph name='EKF/Euler Roll and Pitch'>
      <description>Roll and Pitch</description>
      <expression>AHR2.Roll AHR2.Pitch NKF1.Roll NKF1.Pitch NKF6.Roll NKF6.Pitch</expression>
      <expression>EKF1.Roll EKF1.Pitch AHR2.Roll AHR2.Pitch NKF1.Roll NKF1.Pitch </expression>
      <expression>EKF1.Roll EKF1.Pitch AHR2.Roll AHR2.Pitch</expression>
    </graph>

    <graph name='EKF/Euler Roll'>
      <description>Euler Roll</description>
      <expression>AHR2.Roll NKF1.Roll NKF6.Roll</expression>
      <expression>EKF1.Roll AHR2.Roll NKF1.Roll</expression>
      <expression>EKF1.Roll AHR2.Roll</expression>
    </graph>

    <graph name='EKF/Euler Pitch'>
      <description>Euler Pitch</description>
      <expression> AHR2.Pitch NKF1.Pitch NKF6.Pitch </expression>
      <expression> EKF1.Pitch AHR2.Pitch NKF1.Pitch </expression>
      <expression>EKF1.Pitch AHR2.Pitch</expression>
    </graph>

    <graph name='EKF/Euler Yaw'>
      <description>Euler Yaw</description>
      <expression>AHR2.Yaw ATT.Yaw NKF1.Yaw NKF6.Yaw </expression>
      <expression>EKF1.Yaw AHR2.Yaw ATT.Yaw NKF1.Yaw </expression>
      <expression>EKF1.Yaw AHR2.Yaw ATT.Yaw</expression>
    </graph>

    <graph name='EKF/Velocity Innovations'>
      <description>Velocity Innovations</description>
      <expression>NKF3.IVN NKF3.IVE NKF3.IVD NKF8.IVN NKF8.IVE NKF8.IVD</expression>
      <expression>EKF3.IVN EKF3.IVE EKF3.IVD NKF3.IVN NKF3.IVE NKF3.IVD</expression>
      <expression>EKF3.IVN EKF3.IVE EKF3.IVD</expression>
    </graph>

    <graph name='EKF/Position Innovations'>
      <description>Position Innovations</description>
      <expression>NKF3.IPN NKF3.IPE NKF8.IPN NKF8.IPE</expression>
      <expression>EKF3.IPN EKF3.IPE NKF3.IPN NKF3.IPE</expression>
      <expression>EKF3.IPN EKF3.IPE</expression>
    </graph>

    <graph name='EKF/Height Innovations'>
      <description>Height Innovations</description>
      <expression>NKF3.IPD NKF8.IPD</expression>
      <expression>EKF3.IPD NKF3.IPD</expression>
      <expression>EKF3.IPD</expression>
    </graph>

    <graph name='EKF/Magnetometer Innovations'>
      <description>Magnetometer Innovations</description>
      <expression>NKF3.IMX NKF3.IMY NKF3.IMZ NKF3.IYAW:2 NKF8.IMX NKF8.IMY NKF8.IMZ NKF8.IYAW:2 </expression>
      <expression>EKF3.IMX EKF3.IMY EKF3.IMZ NKF3.IMX NKF3.IMY NKF3.IMZ NKF3.IYAW:2</expression>
      <expression>EKF3.IMX EKF3.IMY EKF3.IMZ</expression>
    </graph>

    <graph name='EKF/Magnetometer Innovation X'>
      <description>Magnetometer Innovation X</description>
      <expression>NKF3.IMX NKF8.IMX</expression>
      <expression>EKF3.IMX NKF3.IMX</expression>
      <expression>EKF3.IMX</expression>
    </graph>

    <graph name='EKF/Magnetometer Innovation Y'>
      <description>Magnetometer Innovation Y</description>
      <expression>NKF3.IMY NKF8.IMY</expression>
      <expression>EKF3.IMY NKF3.IMY</expression>
      <expression>EKF3.IMY</expression>
    </graph>

    <graph name='EKF/Magnetometer Innovation Z'>
      <description>Magnetometer Innovation Z</description>
      <expression>NKF3.IMZ NKF8.IMZ</expression>
      <expression>EKF3.IMZ NKF3.IMZ</expression>
      <expression>EKF3.IMZ</expression>
    </graph>

    <graph name='EKF/Magnetometer Innovations - EKF1'>
      <description>Magnetometer Innovations - EKF1</description>
      <expression>EKF3.IMX EKF3.IMY EKF3.IMZ</expression>
    </graph>

    <graph name='EKF/Magnetometer Innovations - EKF2'>
      <description>Magnetometer Innovations - EKF2</description>
      <expression>NKF3.IMX NKF3.IMY NKF3.IMZ NKF3.IYAW:2 NKF8.IMX NKF8.IMY NKF8.IMZ NKF8.IYAW:2</expression>
      <expression>NKF3.IMX NKF3.IMY NKF3.IMZ NKF3.IYAW:2</expression>
    </graph>

    <graph name='EKF/Magnetometer Body Field'>
      <description>Magnetometer Body Field</description>
      <expression>NKF2.MX NKF2.MY NKF2.MZ NKF7.MX NKF7.MY NKF7.MZ </expression>
      <expression>EKF2.MX EKF2.MY EKF2.MZ NKF2.MX NKF2.MY NKF2.MZ </expression>
      <expression>EKF2.MX EKF2.MY EKF2.MZ</expression>
    </graph>

    <graph name='EKF/Magnetometer Earth Field'>
      <description>Magnetometer Earth Field</description>
      <expression>NKF2.MN NKF2.ME NKF2.MD NKF7.MN NKF7.ME NKF7.MD</expression>
      <expression>EKF2.MN EKF2.ME EKF2.MD NKF2.MN NKF2.ME NKF2.MD</expression>
      <expression>EKF2.MN EKF2.ME EKF2.MD</expression>
    </graph>

    <graph name='EKF/Magnetic Declination'>
      <description>Magnetic Declination</description>
      <expression>degrees(atan2(NKF2.ME,NKF2.MN)) degrees(atan2(NKF7.ME,NKF7.MN))</expression>
      <expression>degrees(atan2(EKF2.ME,EKF2.MN)) degrees(atan2(NKF2.ME,NKF2.MN))</expression>
      <expression>degrees(atan2(EKF2.ME,EKF2.MN))</expression>
    </graph>

    <graph name='EKF/Gyro Bias'>
      <description>Gyro Bias</description>
      <expression>NKF1.GX NKF1.GY NKF1.GZ NKF6.GX NKF6.GY NKF6.GZ</expression>
      <expression>EKF1.GX EKF1.GY EKF1.GZ NKF1.GX NKF1.GY NKF1.GZ</expression>
      <expression>EKF1.GX EKF1.GY EKF1.GZ</expression>
    </graph>

    <graph name='EKF/Gyro Scale Factor'>
      <description>Gyro Scale Factor</description>
      <expression>NKF2.GSX NKF2.GSY NKF2.GSZ NKF7.GSX NKF7.GSY NKF7.GSZ</expression>
      <expression>NKF2.GSX NKF2.GSY NKF2.GSZ</expression>
    </graph>

    <graph name='EKF/Wind Velocity NE'>
      <description>Wind Velocity NE</description>
      <expression>NKF2.VWN NKF2.VWE NKF7.VWN NKF7.VWE</expression>
      <expression>EKF2.VWN EKF2.VWE NKF2.VWN NKF2.VWE</expression>
      <expression>EKF2.VWN EKF2.VWE</expression>
    </graph>

    <graph name='EKF/Wind Speed and Direction'>
      <description>Wind Velocity NE</description>
      <expression>sqrt(sqrt(NKF2.VWN**2+NKF2.VWE**2) wrap_360(degrees(atan2(-NKF2.VWE,-NKF2.VWN))):2 sqrt(NKF7.VWN**2+NKF7.VWE**2) wrap_360(degrees(atan2(-NKF7.VWE,-NKF7.VWN))):2</expression>
      <expression>sqrt(EKF2.VWN**2+EKF2.VWE**2) wrap_360(degrees(atan2(-EKF2.VWE,-EKF2.VWN))):2 sqrt(NKF2.VWN**2+NKF2.VWE**2) wrap_360(degrees(atan2(-NKF2.VWE,-NKF2.VWN))):2</expression>
      <expression>sqrt(EKF2.VWN**2+EKF2.VWE**2) wrap_360(degrees(atan2(-EKF2.VWE,-EKF2.VWN))):2</expression>
    </graph>

    <graph name='EKF/Accel Bias'>
      <description>Accel Bias</description>
      <expression>NKF2.AZbias NKF7.AZbias </expression>
      <expression>EKF2.AZ1bias EKF2.AZ2bias EKF2.Ratio:2 NKF2.AZbias </expression>
      <expression>EKF2.AZ1bias EKF2.AZ2bias EKF2.Ratio:2</expression>
    </graph>

    <graph name='EKF/Solution Status'>
      <description>Solution Status</description>
      <expression>NKF4.SS NKF9.SS </expression>
      <expression>EKF4.SS NKF4.SS </expression>
      <expression>EKF4.SS</expression>
    </graph>

    <graph name='EKF/GPS Check Status'>
      <description>GPS Check Status</description>
      <expression>NKF4.GPS NKF9.GPS </expression>
      <expression>EKF4.GPS NKF4.GPS </expression>
      <expression>EKF4.GPS</expression>
    </graph>

    <graph name='EKF/Vertical Position Derivative'>
      <description>Vertical Position Derivative</description>
      <expression>NKF1.dPD NKF1.VD NKF6.dPD NKF6.VD</expression>
      <expression>EKF1.dPD EKF1.VD NKF1.dPD NKF1.VD</expression>
      <expression>EKF1.dPD EKF1.VD</expression>
    </graph>

    <graph name='EKF/Optical Flow Innovations'>
      <description>Optical Flow Innovations</description>
      <expression>EKF5.FIX EKF5.FIY EKF5.AFI NKF5.FIX NKF5.FIY NKF5.AFI</expression>
      <expression>NKF5.FIX NKF5.FIY NKF5.AFI</expression>
      <expression>EKF5.FIX EKF5.FIY EKF5.AFI</expression>
    </graph>

    <graph name='EKF/Normalised Optical Flow Innovations'>
      <description>Normalised Optical Flow Innovations</description>
      <expression>EKF5.normInnov NKF5.normInnov</expression>
      <expression>NKF5.normInnov</expression>
      <expression>EKF5.normInnov</expression>
    </graph>

    <graph name='EKF/Range Innovations'>
      <description>Range Innovations</description>
      <expression>EKF5.RI NKF5.RI</expression>
      <expression>NKF5.RI</expression>
      <expression>EKF5.RI</expression>
    </graph>

    <graph name='EKF/Height Above Ground - EKF1'>
      <description>Height Above Ground</description>
      <expression>EKF5.HAGL EKF5.errHAGL EKF5.meaRng EKF5.offset</expression>
    </graph>

    <graph name='EKF/Height Above Ground - EKF2'>
      <description>Height Above Ground</description>
      <expression>NKF5.HAGL NKF5.errHAGL NKF5.meaRng NKF5.offset</expression>
    </graph>

    <graph name='EKF/Magnetometer Selection - EKF2'>
      <description>Magnetometer Selection</description>
      <expression>NKF2.MI NKF7.MI</expression>
      <expression>NKF2.MI</expression>
    </graph>

    <graph name='EKF/EKF2 Primary Core'>
      <description>Magnetometer Selection</description>
      <expression>NKF4.PI NKF9.PI</expression>
      <expression>NKF4.PI</expression>
    </graph>
</graphs>

